"Label (Grouping)","Alabama!!Estimate","Alaska!!Estimate","Arizona!!Estimate","Arkansas!!Estimate","California!!Estimate","Colorado!!Estimate","Connecticut!!Estimate","Delaware!!Estimate","District of Columbia!!Estimate","Florida!!Estimate","Georgia!!Estimate","Hawaii!!Estimate","Idaho!!Estimate","Illinois!!Estimate","Indiana!!Estimate","Iowa!!Estimate","Kansas!!Estimate","Kentucky!!Estimate","Louisiana!!Estimate","Maine!!Estimate","Maryland!!Estimate","Massachusetts!!Estimate","Michigan!!Estimate","Minnesota!!Estimate","Mississippi!!Estimate","Missouri!!Estimate","Montana!!Estimate","Nebraska!!Estimate","Nevada!!Estimate","New Hampshire!!Estimate","New Jersey!!Estimate","New Mexico!!Estimate","New York!!Estimate","North Carolina!!Estimate","North Dakota!!Estimate","Ohio!!Estimate","Oklahoma!!Estimate","Oregon!!Estimate","Pennsylvania!!Estimate","Rhode Island!!Estimate","South Carolina!!Estimate","South Dakota!!Estimate","Tennessee!!Estimate","Texas!!Estimate","Utah!!Estimate","Vermont!!Estimate","Virginia!!Estimate","Washington!!Estimate","West Virginia!!Estimate","Wisconsin!!Estimate","Wyoming!!Estimate","Puerto Rico!!Estimate"
"Total:","2,059,528","274,045","2,982,475","1,246,754","13,797,638","2,479,892","1,455,235","412,304","329,687","9,141,675","4,220,732","493,151","751,181","5,105,448","2,775,637","1,343,422","1,204,374","1,865,456","1,848,965","615,235","2,401,394","2,829,804","4,131,281","2,363,442","1,176,690","2,563,244","468,981","824,012","1,238,925","570,689","3,543,944","856,970","7,828,074","4,496,359","349,705","4,929,322","1,603,748","1,744,270","5,361,724","448,318","2,222,890","382,302","2,928,765","11,449,769","1,184,428","285,548","3,449,307","3,168,080","740,840","2,535,198","256,289","1,242,609"
"    Less than $10,000","131,977","10,025","146,463","75,258","629,604","105,718","69,143","20,348","25,619","473,368","231,546","22,135","27,976","281,653","134,481","54,185","52,214","117,510","138,049","24,519","113,527","135,118","233,459","104,208","83,472","133,085","17,748","35,439","65,456","23,195","153,771","57,182","482,084","233,418","17,568","266,085","98,805","85,179","270,326","23,352","130,320","17,935","148,247","605,149","37,870","10,662","149,488","137,847","47,999","110,181","13,192","227,904"
"    $10,000 to $14,999","96,912","5,379","74,544","57,892","407,084","57,934","43,663","9,336","11,427","283,018","135,680","13,560","19,569","162,907","90,846","42,024","37,742","92,549","99,941","23,374","56,284","85,289","143,363","62,205","63,681","89,951","17,299","24,943","29,451","11,251","84,332","38,078","298,631","159,116","10,120","181,310","64,147","53,752","184,982","17,572","80,440","10,475","110,332","361,201","22,774","7,753","92,236","75,247","37,231","76,001","5,640","136,367"
"    $15,000 to $19,999","73,431","6,297","70,458","51,616","311,137","54,084","34,436","9,130","7,443","255,635","118,455","8,741","20,956","133,385","90,613","39,538","33,177","73,152","79,334","20,342","46,019","69,741","127,734","55,200","50,159","80,069","12,594","24,314","32,743","11,699","68,864","32,155","230,919","137,175","9,481","147,004","55,812","47,513","152,311","14,552","65,183","10,578","94,811","310,500","20,004","8,710","81,834","65,024","33,847","68,409","8,200","115,707"
"    $20,000 to $24,999","87,301","7,995","95,820","50,924","373,656","60,340","37,982","10,009","11,494","302,056","135,037","11,566","23,170","152,324","91,479","46,330","40,013","82,017","92,960","21,256","56,619","68,959","146,620","63,444","57,424","95,599","18,174","27,843","35,201","16,247","86,074","35,836","256,217","159,863","9,784","180,506","64,483","55,462","191,670","13,900","82,486","11,424","114,931","370,682","24,283","8,662","93,995","74,379","36,019","83,176","8,399","106,423"
"    $25,000 to $29,999","82,023","6,198","85,596","51,537","325,675","58,435","35,155","9,320","6,833","278,391","121,706","9,840","22,858","151,378","95,173","50,173","38,545","67,991","73,687","20,758","56,228","63,713","141,089","62,210","56,151","94,455","15,173","27,955","35,514","12,912","79,561","29,901","215,831","156,162","12,004","173,617","60,039","49,916","174,105","13,075","75,607","11,212","89,735","352,996","23,495","10,008","87,465","73,109","34,810","73,502","11,830","75,699"
"    $30,000 to $34,999","80,864","7,293","96,185","60,081","357,076","62,294","37,516","11,296","6,010","334,017","145,391","10,960","24,652","164,567","114,910","47,626","45,554","81,039","75,310","20,478","56,466","71,751","161,806","67,371","53,805","98,582","16,400","27,427","46,505","17,144","89,036","38,526","240,991","160,685","11,841","188,459","66,097","58,872","188,278","13,346","83,009","12,601","107,205","402,456","30,819","9,357","97,506","75,428","33,783","92,193","8,700","74,766"
"    $35,000 to $39,999","73,188","7,611","99,837","53,636","360,967","55,726","41,414","11,551","5,054","326,660","144,986","10,740","22,993","169,229","106,170","52,410","45,131","70,674","76,556","22,005","57,041","71,118","153,404","66,973","48,010","95,959","19,832","30,668","40,687","15,928","83,064","29,054","217,616","158,087","11,309","178,238","63,314","53,903","187,300","10,253","81,567","11,422","112,633","368,091","32,076","9,901","88,908","78,454","30,541","84,605","9,330","63,469"
"    $40,000 to $44,999","82,889","7,762","108,405","54,870","386,191","69,780","42,950","14,460","6,567","332,702","151,439","14,061","27,562","176,815","115,949","51,917","45,748","72,173","72,099","22,305","64,291","74,282","153,365","78,695","50,009","108,959","17,808","33,217","45,801","15,207","92,432","29,906","247,077","178,246","13,699","208,172","69,142","56,303","199,717","15,540","85,342","17,296","123,940","423,896","35,752","8,581","112,389","88,347","29,626","101,039","9,201","57,631"
"    $45,000 to $49,999","75,180","8,869","100,676","50,639","348,269","67,044","38,626","15,535","5,771","308,054","136,991","11,476","27,571","159,892","103,771","49,156","43,972","70,949","65,219","21,559","63,781","65,652","149,116","70,462","49,260","86,751","14,862","29,326","40,983","12,901","90,920","30,330","222,061","161,118","14,448","166,780","60,682","56,302","183,220","11,665","80,750","13,718","105,132","357,792","35,237","9,226","106,655","89,676","26,668","98,703","8,125","45,244"
"    $50,000 to $59,999","147,044","16,678","200,304","93,611","713,312","137,949","80,609","26,537","11,206","623,171","288,170","30,883","48,839","300,512","207,857","97,796","88,970","138,537","136,583","44,447","121,043","131,990","307,069","159,480","81,926","190,542","34,799","61,732","77,457","32,800","177,164","62,054","450,699","329,596","23,885","354,500","126,528","106,184","357,607","28,633","159,866","29,410","211,111","752,681","66,351","18,975","205,807","178,349","54,647","184,439","18,121","73,371"
"    $60,000 to $74,999","199,321","23,442","287,830","125,739","1,099,808","225,560","119,721","37,918","23,556","900,463","383,540","43,861","78,606","453,534","290,533","136,063","126,440","190,428","169,018","61,103","189,245","210,031","407,155","222,542","110,307","259,349","48,748","81,725","124,351","50,033","281,931","80,552","626,871","438,529","33,623","495,058","166,987","151,117","506,948","41,010","218,599","40,743","294,536","1,112,445","112,770","28,316","301,867","261,604","72,506","253,043","26,470","83,480"
"    $75,000 to $99,999","274,048","35,124","415,849","159,514","1,572,708","318,141","170,000","59,347","32,189","1,205,051","556,917","56,253","106,013","639,584","384,224","191,448","168,680","232,114","211,630","80,263","277,612","300,648","537,972","308,923","142,090","348,182","63,678","109,505","165,826","66,571","404,809","107,393","901,540","580,808","48,921","652,185","209,476","232,475","680,810","55,353","300,320","55,098","395,500","1,448,602","171,140","39,043","422,562","394,127","98,105","350,739","34,974","80,135"
"    $100,000 to $124,999","195,925","34,595","326,132","119,149","1,407,407","264,100","144,586","46,857","29,369","965,122","440,924","54,862","95,447","540,170","291,581","153,068","123,285","183,467","167,823","64,422","253,708","283,096","430,104","271,290","115,205","259,546","50,927","92,825","138,496","63,240","365,374","87,124","752,828","453,831","37,850","514,532","158,407","193,643","551,286","44,128","220,326","43,855","306,881","1,155,779","148,844","33,128","358,195","356,566","69,710","289,087","28,536","39,530"
"    $125,000 to $149,999","133,757","21,965","219,296","77,984","1,063,969","207,806","107,870","32,918","26,024","655,217","308,424","44,643","64,761","387,057","187,777","106,196","87,264","116,850","112,459","47,031","189,269","227,449","298,988","192,495","68,674","177,869","36,876","64,547","94,910","51,230","292,142","56,031","554,489","312,088","30,319","346,668","105,797","140,416","394,596","32,473","154,722","30,624","194,753","825,478","113,049","21,461","261,747","249,198","44,755","203,445","17,794","20,118"
"    $150,000 to $199,999","154,519","34,918","291,012","82,479","1,546,127","292,303","168,949","44,632","33,314","809,445","401,284","58,439","68,850","514,343","234,677","114,222","107,438","136,513","130,809","57,701","299,725","334,249","351,110","251,774","76,303","210,313","40,517","79,109","122,682","73,303","423,318","66,891","773,418","378,975","29,556","423,560","115,219","183,358","499,219","48,027","193,613","32,535","240,098","1,090,177","139,501","29,884","384,460","358,622","47,012","227,254","26,226","23,070"
"    $200,000 or more","171,149","39,894","364,068","81,825","2,894,648","442,678","282,615","53,110","87,811","1,089,305","520,242","91,131","71,358","718,098","235,596","111,270","120,201","139,493","147,488","63,672","500,536","636,718","388,927","326,170","70,214","234,033","43,546","73,437","142,862","97,028","771,152","75,957","1,356,802","498,662","35,297","452,648","118,813","219,875","639,349","65,439","210,740","33,376","278,920","1,511,844","170,463","31,881","604,193","612,103","43,581","239,382","21,551","19,695"